---,ID,Name,Description,Icon,Category,StaticMesh,MaterialOverrides,SkeletalMesh,Price,MSRP,CaptureTransform,ActorClass,ItemBounds,MaxRows,BoxType,AcceptableStorages,ShelfAreaSpaceX,ShelfAreaSpaceY,IsGame?,GameCaseCoverTexture,IsPart?,UnitsToSpawn
OrangePhoneCase,"OrangePhoneCase","NSLOCTEXT(""[E5BFDAE8AEB602F182D337FF23D0F958]"", ""61B801D44D3C366029A47BB2F92D5852"", ""Orange PhoneCase"")","NSLOCTEXT(""[E5BFDAE8AEB602F182D337FF23D0F958]"", ""83443E5A4F438A2EFF42F1BA384FCEC9"", ""Orange PhoneCase"")","/Script/Engine.Texture2D'/Game/IconCreator/T_PhoneCase2.T_PhoneCase2'","(""Phones Products"")","/Script/Engine.StaticMesh'/Game/ShopSim/Meshes/Items/SM_Phone_Case_02.SM_Phone_Case_02'","","None","10.000000","15.000000","(Rotation=(X=0.000000,Y=-0.000000,Z=0.000000,W=1.000000),Translation=(X=0.000000,Y=0.000000,Z=0.000000),Scale3D=(X=1.000000,Y=1.000000,Z=1.000000))","/Script/Engine.BlueprintGeneratedClass'/Game/ShopSim/Blueprints/Items/Item_PhoneCase2.Item_PhoneCase2_C'","(X=0.945277,Y=6.818358,Z=11.894792)","0","Small","(SmallStoreShelf,MediumStoreShelf,LargeStoreShelf)","3.000000","3.000000","False","None","False","1"
CyanPhoneCase,"CyanPhoneCase","NSLOCTEXT(""[E5BFDAE8AEB602F182D337FF23D0F958]"", ""1132EB334A40B9A0D96DCA91383EAFBE"", ""Cyan PhoneCase"")","NSLOCTEXT(""[E5BFDAE8AEB602F182D337FF23D0F958]"", ""E2B440074313A986DE0D4087BF3EC9A3"", ""Cyan PhoneCase"")","/Script/Engine.Texture2D'/Game/IconCreator/T_PhoneCase3.T_PhoneCase3'","(""Phones Products"")","/Script/Engine.StaticMesh'/Game/ShopSim/Meshes/Items/SM_Phone_Case_03.SM_Phone_Case_03'","","None","10.000000","15.000000","(Rotation=(X=0.000000,Y=-0.000000,Z=0.000000,W=1.000000),Translation=(X=0.000000,Y=0.000000,Z=0.000000),Scale3D=(X=1.000000,Y=1.000000,Z=1.000000))","/Script/Engine.BlueprintGeneratedClass'/Game/ShopSim/Blueprints/Items/Item_PhoneCase3.Item_PhoneCase3_C'","(X=0.945277,Y=6.818358,Z=11.894792)","0","Small","(SmallStoreShelf,MediumStoreShelf,LargeStoreShelf)","3.000000","3.000000","False","None","False","1"
Phone1,"Phone1","NSLOCTEXT(""[E5BFDAE8AEB602F182D337FF23D0F958]"", ""D160C00A4F4E425EF683DE966A058F43"", ""Phone1"")","NSLOCTEXT(""[E5BFDAE8AEB602F182D337FF23D0F958]"", ""484A37AA4FF1027EFA92569BB4D9C6D0"", ""Phone1"")","/Script/Engine.Texture2D'/Game/IconCreator/T_Phone1.T_Phone1'","(""Phones Products"")","/Script/Engine.StaticMesh'/Game/ShopSim/Meshes/Items/SM_PhoneBox_01.SM_PhoneBox_01'","","None","200.000000","400.000000","(Rotation=(X=0.000000,Y=-0.000000,Z=0.000000,W=1.000000),Translation=(X=0.000000,Y=0.000000,Z=0.000000),Scale3D=(X=1.000000,Y=1.000000,Z=1.000000))","/Script/Engine.BlueprintGeneratedClass'/Game/ShopSim/Blueprints/Items/Item_Phone01.Item_Phone01_C'","(X=3.183261,Y=4.975957,Z=8.976368)","0","Small","(SmallStoreShelf,MediumStoreShelf,LargeStoreShelf)","2.000000","2.000000","False","None","False","1"
Phone2,"Phone2","NSLOCTEXT(""[E5BFDAE8AEB602F182D337FF23D0F958]"", ""C7A9880F4AFD03110C93E9852D578EEC"", ""Phone 2"")","NSLOCTEXT(""[E5BFDAE8AEB602F182D337FF23D0F958]"", ""4F95B72948A3029C075E688F7913162A"", ""Phone 2"")","/Script/Engine.Texture2D'/Game/IconCreator/T_Phone2.T_Phone2'","(""Phones Products"")","/Script/Engine.StaticMesh'/Game/ShopSim/Meshes/Items/SM_PhoneBox_02.SM_PhoneBox_02'","","None","150.000000","400.000000","(Rotation=(X=0.000000,Y=-0.000000,Z=0.000000,W=1.000000),Translation=(X=0.000000,Y=0.000000,Z=0.000000),Scale3D=(X=1.000000,Y=1.000000,Z=1.000000))","/Script/Engine.BlueprintGeneratedClass'/Game/ShopSim/Blueprints/Items/Item_Phone02.Item_Phone02_C'","(X=3.183261,Y=4.975957,Z=8.976368)","0","Small","(SmallStoreShelf,MediumStoreShelf,LargeStoreShelf)","2.000000","2.000000","False","None","False","1"
HDD,"HDD","NSLOCTEXT(""[E5BFDAE8AEB602F182D337FF23D0F958]"", ""684EC06040BCB2C421947CAF398BBAA4"", ""HDD"")","NSLOCTEXT(""[E5BFDAE8AEB602F182D337FF23D0F958]"", ""371ECC49446EA64816F84D938FDB89B1"", ""HDD"")","/Script/Engine.Texture2D'/Game/IconCreator/T_HDD1.T_HDD1'","(""Parts"")","/Script/Engine.StaticMesh'/Game/_Main/Assets/Meshes/MiniGames/Laptop/HDD/SM_HDD.SM_HDD'","","None","120.000000","2.000000","(Rotation=(X=0.000000,Y=-0.000000,Z=0.000000,W=1.000000),Translation=(X=0.000000,Y=0.000000,Z=0.000000),Scale3D=(X=1.000000,Y=1.000000,Z=1.000000))","/Script/Engine.BlueprintGeneratedClass'/Game/ShopSim/Blueprints/Items/ElectrofixItems/BP_Item_HDD.BP_Item_HDD_C'","(X=5.157711,Y=3.617697,Z=0.624554)","0","Small","(SmallRepairShelf,MediumRepairShelf,LargeRepairShelf)","2.000000","2.000000","False","None","True","1"
SSD,"SSD","NSLOCTEXT(""[E5BFDAE8AEB602F182D337FF23D0F958]"", ""F70B58704B03037A5F1864B03B49317B"", ""SSD"")","NSLOCTEXT(""[E5BFDAE8AEB602F182D337FF23D0F958]"", ""7A3BBB7A41B3011729E103B1E024E319"", ""SSD"")","/Script/Engine.Texture2D'/Game/IconCreator/T_SSD1.T_SSD1'","(""Parts"")","/Script/Engine.StaticMesh'/Game/_Main/Assets/Meshes/Console/ssd.ssd'","","None","80.000000","2.000000","(Rotation=(X=0.000000,Y=-0.000000,Z=0.000000,W=1.000000),Translation=(X=0.000000,Y=0.000000,Z=0.000000),Scale3D=(X=1.000000,Y=1.000000,Z=1.000000))","/Script/Engine.BlueprintGeneratedClass'/Game/ShopSim/Blueprints/Items/ElectrofixItems/BP_Item_SSD.BP_Item_SSD_C'","(X=3.476294,Y=4.888496,Z=0.422322)","0","Small","(SmallRepairShelf,MediumRepairShelf,LargeRepairShelf)","2.000000","2.000000","False","None","True","1"
Ram,"Ram","NSLOCTEXT(""[E5BFDAE8AEB602F182D337FF23D0F958]"", ""5A03AB3541CD3CFFF92EA8B87D5883AD"", ""Ram"")","NSLOCTEXT(""[E5BFDAE8AEB602F182D337FF23D0F958]"", ""829B2CCB477AB5399A2302B4949D6B2F"", ""Ram"")","/Script/Engine.Texture2D'/Game/IconCreator/T_Ram.T_Ram'","(""Parts"")","/Script/Engine.StaticMesh'/Game/_Main/Assets/Meshes/MiniGames/Laptop/Ram/SM_Ram.SM_Ram'","","None","60.000000","2.000000","(Rotation=(X=0.000000,Y=-0.000000,Z=0.000000,W=1.000000),Translation=(X=0.000000,Y=0.000000,Z=0.000000),Scale3D=(X=1.000000,Y=1.000000,Z=1.000000))","/Script/Engine.BlueprintGeneratedClass'/Game/ShopSim/Blueprints/Items/ElectrofixItems/BP_Item_Ram.BP_Item_Ram_C'","(X=1.291542,Y=5.863955,Z=0.211426)","0","Small","(SmallRepairShelf,MediumRepairShelf,LargeRepairShelf)","2.000000","2.000000","False","None","True","1"
ConsoleFan,"ConsoleFan","NSLOCTEXT(""[E5BFDAE8AEB602F182D337FF23D0F958]"", ""4F0A7AFB4E375C72B0E6CBADDE0F4AF0"", ""Console Fan"")","NSLOCTEXT(""[E5BFDAE8AEB602F182D337FF23D0F958]"", ""CF92D06243B7DA32FC120E8BD58C6BD8"", ""Console Fan"")","/Script/Engine.Texture2D'/Game/IconCreator/T_ConsoleFan1.T_ConsoleFan1'","(""Parts"")","/Script/Engine.StaticMesh'/Game/_Main/Assets/Meshes/Console/ventilo.ventilo'","","None","90.000000","2.000000","(Rotation=(X=0.000000,Y=-0.000000,Z=0.000000,W=1.000000),Translation=(X=0.000000,Y=0.000000,Z=0.000000),Scale3D=(X=1.000000,Y=1.000000,Z=1.000000))","/Script/Engine.BlueprintGeneratedClass'/Game/ShopSim/Blueprints/Items/ElectrofixItems/BP_Item_ConsoleFan.BP_Item_ConsoleFan_C'","(X=3.458525,Y=3.545627,Z=0.745696)","0","Small","(SmallRepairShelf,MediumRepairShelf,LargeRepairShelf)","2.000000","2.000000","False","None","True","1"
PhoneBattery,"PhoneBattery","NSLOCTEXT(""[E5BFDAE8AEB602F182D337FF23D0F958]"", ""0A1E2A52445F8E0703E20A987BBE0869"", ""Phone battery"")","NSLOCTEXT(""[E5BFDAE8AEB602F182D337FF23D0F958]"", ""0F70017A4A079BBABB209FA96C770035"", ""Phone battery"")","/Script/Engine.Texture2D'/Game/IconCreator/T_PhoneBattery.T_PhoneBattery'","(""Parts"")","/Script/Engine.StaticMesh'/Game/_Main/Assets/Meshes/Smartphone/SM_Phone_Battery.SM_Phone_Battery'","","None","45.000000","2.000000","(Rotation=(X=0.000000,Y=-0.000000,Z=0.000000,W=1.000000),Translation=(X=0.000000,Y=0.000000,Z=0.000000),Scale3D=(X=1.000000,Y=1.000000,Z=1.000000))","/Script/Engine.BlueprintGeneratedClass'/Game/ShopSim/Blueprints/Items/ElectrofixItems/BP_ItemPhoneBattery.BP_ItemPhoneBattery_C'","(X=2.779893,Y=4.123496,Z=0.619510)","0","Small","(SmallRepairShelf,MediumRepairShelf,LargeRepairShelf)","0.500000","0.500000","False","None","True","1"
105600,"105600","NSLOCTEXT(""[E5BFDAE8AEB602F182D337FF23D0F958]"", ""BA7AD4E644D4830BAAE3EBB2BDC51663"", ""Doggyaria"")","NSLOCTEXT(""[E5BFDAE8AEB602F182D337FF23D0F958]"", ""1B597FC145AE31137A054E85BA3CDE12"", ""Doggyaria"")","/Script/Engine.Texture2D'/Game/IconCreator/T_Doggyaria.T_Doggyaria'","(""Games"")","/Script/Engine.StaticMesh'/Game/Assets/Meshes/SM_GameCase.SM_GameCase'","(""/Script/Engine.MaterialInstanceConstant'/Game/Assets/Materials/MI_GameBox_Base.MI_GameBox_Base'"",""/Script/Engine.MaterialInstanceConstant'/Game/Assets/Materials/MI_GameCaseCover.MI_GameCaseCover'"",""/Script/Engine.MaterialInstanceConstant'/Game/Assets/Materials/MI_GameBox_TopBrand.MI_GameBox_TopBrand'"")","None","10.000000","15.000000","(Rotation=(X=0.000000,Y=-0.000000,Z=0.000000,W=1.000000),Translation=(X=0.000000,Y=0.000000,Z=0.000000),Scale3D=(X=1.000000,Y=1.000000,Z=1.000000))","/Script/Engine.BlueprintGeneratedClass'/Game/ShopSim/Blueprints/Items/ElectrofixItems/Electrofix_Item_GameCase.Electrofix_Item_GameCase_C'","(X=0.816534,Y=8.713328,Z=11.027593)","0","Small","(SmallGameShelf,MediumGameShelf,LargeGameShelf)","3.000000","1.600000","True","/Script/Engine.Texture2D'/Game/Assets/Textures/Games/105600.105600'","False","1"
427520,"427520","NSLOCTEXT(""[E5BFDAE8AEB602F182D337FF23D0F958]"", ""C3034BDE4A8D27DCE2507F936AFEA319"", ""Pawctori"")","NSLOCTEXT(""[E5BFDAE8AEB602F182D337FF23D0F958]"", ""346C5FE94199B9747A5260AD013AEF0E"", ""Pawctori"")","/Script/Engine.Texture2D'/Game/IconCreator/T_Pawctori.T_Pawctori'","(""Games"")","/Script/Engine.StaticMesh'/Game/Assets/Meshes/SM_GameCase.SM_GameCase'","(""/Script/Engine.MaterialInstanceConstant'/Game/Assets/Materials/MI_GameBox_Base.MI_GameBox_Base'"",""/Script/Engine.MaterialInstanceConstant'/Game/Assets/Materials/MI_GameCaseCover.MI_GameCaseCover'"",""/Script/Engine.MaterialInstanceConstant'/Game/Assets/Materials/MI_GameBox_TopBrand.MI_GameBox_TopBrand'"")","None","10.000000","15.000000","(Rotation=(X=0.000000,Y=-0.000000,Z=0.000000,W=1.000000),Translation=(X=0.000000,Y=0.000000,Z=0.000000),Scale3D=(X=1.000000,Y=1.000000,Z=1.000000))","/Script/Engine.BlueprintGeneratedClass'/Game/ShopSim/Blueprints/Items/ElectrofixItems/Electrofix_Item_GameCase.Electrofix_Item_GameCase_C'","(X=0.816534,Y=8.713328,Z=11.027593)","0","Small","(SmallGameShelf,MediumGameShelf,LargeGameShelf)","3.000000","1.600000","True","/Script/Engine.Texture2D'/Game/Assets/Textures/Games/427520.427520'","False","1"
1476970,"1476970","NSLOCTEXT(""[E5BFDAE8AEB602F182D337FF23D0F958]"", ""E1A5168243A562852DEFDCB56E7F2A76"", ""IdleGrind"")","NSLOCTEXT(""[E5BFDAE8AEB602F182D337FF23D0F958]"", ""8F1252AA4155CC3A63C288ADB49B2EDD"", ""IdleGrind"")","/Script/Engine.Texture2D'/Game/IconCreator/T_IdleGrind.T_IdleGrind'","(""Games"")","/Script/Engine.StaticMesh'/Game/Assets/Meshes/SM_GameCase.SM_GameCase'","(""/Script/Engine.MaterialInstanceConstant'/Game/Assets/Materials/MI_GameBox_Base.MI_GameBox_Base'"",""/Script/Engine.MaterialInstanceConstant'/Game/Assets/Materials/MI_GameCaseCover.MI_GameCaseCover'"",""/Script/Engine.MaterialInstanceConstant'/Game/Assets/Materials/MI_GameBox_TopBrand.MI_GameBox_TopBrand'"")","None","10.000000","15.000000","(Rotation=(X=0.000000,Y=-0.000000,Z=0.000000,W=1.000000),Translation=(X=0.000000,Y=0.000000,Z=0.000000),Scale3D=(X=1.000000,Y=1.000000,Z=1.000000))","/Script/Engine.BlueprintGeneratedClass'/Game/ShopSim/Blueprints/Items/ElectrofixItems/Electrofix_Item_GameCase.Electrofix_Item_GameCase_C'","(X=0.816534,Y=8.713328,Z=11.027593)","0","Small","(SmallGameShelf,MediumGameShelf,LargeGameShelf)","3.000000","1.600000","True","/Script/Engine.Texture2D'/Game/Assets/Textures/Games/1476970.1476970'","False","1"
3188910,"3188910","NSLOCTEXT(""[E5BFDAE8AEB602F182D337FF23D0F958]"", ""72250BA64F0B269B5D17B78736B7FA22"", ""Kilcker Canines"")","NSLOCTEXT(""[E5BFDAE8AEB602F182D337FF23D0F958]"", ""CD812CD64387F3906B036696450C1A87"", ""Kilcker Canines"")","/Script/Engine.Texture2D'/Game/IconCreator/T_KlickerCanines.T_KlickerCanines'","(""Games"")","/Script/Engine.StaticMesh'/Game/Assets/Meshes/SM_GameCase.SM_GameCase'","(""/Script/Engine.MaterialInstanceConstant'/Game/Assets/Materials/MI_GameBox_Base.MI_GameBox_Base'"",""/Script/Engine.MaterialInstanceConstant'/Game/Assets/Materials/MI_GameCaseCover.MI_GameCaseCover'"",""/Script/Engine.MaterialInstanceConstant'/Game/Assets/Materials/MI_GameBox_TopBrand.MI_GameBox_TopBrand'"")","None","10.000000","15.000000","(Rotation=(X=0.000000,Y=-0.000000,Z=0.000000,W=1.000000),Translation=(X=0.000000,Y=0.000000,Z=0.000000),Scale3D=(X=1.000000,Y=1.000000,Z=1.000000))","/Script/Engine.BlueprintGeneratedClass'/Game/ShopSim/Blueprints/Items/ElectrofixItems/Electrofix_Item_GameCase.Electrofix_Item_GameCase_C'","(X=0.816534,Y=8.713328,Z=11.027593)","0","Small","(SmallGameShelf,MediumGameShelf,LargeGameShelf)","3.000000","1.600000","True","/Script/Engine.Texture2D'/Game/Assets/Textures/Games/3188910.3188910'","False","1"
393380,"393380","NSLOCTEXT(""[E5BFDAE8AEB602F182D337FF23D0F958]"", ""0145A9C64A74D54A55E98BA00F4ED93B"", ""Skwadron"")","NSLOCTEXT(""[E5BFDAE8AEB602F182D337FF23D0F958]"", ""2B23751D4AE4BE3221300FBCD0AEEF56"", ""Skwadron"")","/Script/Engine.Texture2D'/Game/IconCreator/T_Skwadron.T_Skwadron'","(""Games"")","/Script/Engine.StaticMesh'/Game/Assets/Meshes/SM_GameCase.SM_GameCase'","(""/Script/Engine.MaterialInstanceConstant'/Game/Assets/Materials/MI_GameBox_Base.MI_GameBox_Base'"",""/Script/Engine.MaterialInstanceConstant'/Game/Assets/Materials/MI_GameCaseCover.MI_GameCaseCover'"",""/Script/Engine.MaterialInstanceConstant'/Game/Assets/Materials/MI_GameBox_TopBrand.MI_GameBox_TopBrand'"")","None","10.000000","15.000000","(Rotation=(X=0.000000,Y=-0.000000,Z=0.000000,W=1.000000),Translation=(X=0.000000,Y=0.000000,Z=0.000000),Scale3D=(X=1.000000,Y=1.000000,Z=1.000000))","/Script/Engine.BlueprintGeneratedClass'/Game/ShopSim/Blueprints/Items/ElectrofixItems/Electrofix_Item_GameCase.Electrofix_Item_GameCase_C'","(X=0.816534,Y=8.713328,Z=11.027593)","0","Small","(SmallGameShelf,MediumGameShelf,LargeGameShelf)","3.000000","1.600000","True","/Script/Engine.Texture2D'/Game/Assets/Textures/Games/393380.393380'","False","1"
3419430,"3419430","NSLOCTEXT(""[E5BFDAE8AEB602F182D337FF23D0F958]"", ""A016A01E494F06AFA99AA1931CF51EDD"", ""Conga Corgi"")","NSLOCTEXT(""[E5BFDAE8AEB602F182D337FF23D0F958]"", ""63C8A1A842160095DEE7029188EA5363"", ""Conga Corgi"")","/Script/Engine.Texture2D'/Game/IconCreator/T_CongaCongri.T_CongaCongri'","(""Games"")","/Script/Engine.StaticMesh'/Game/Assets/Meshes/SM_GameCase.SM_GameCase'","(""/Script/Engine.MaterialInstanceConstant'/Game/Assets/Materials/MI_GameBox_Base.MI_GameBox_Base'"",""/Script/Engine.MaterialInstanceConstant'/Game/Assets/Materials/MI_GameCaseCover.MI_GameCaseCover'"",""/Script/Engine.MaterialInstanceConstant'/Game/Assets/Materials/MI_GameBox_TopBrand.MI_GameBox_TopBrand'"")","None","10.000000","15.000000","(Rotation=(X=0.000000,Y=-0.000000,Z=0.000000,W=1.000000),Translation=(X=0.000000,Y=0.000000,Z=0.000000),Scale3D=(X=1.000000,Y=1.000000,Z=1.000000))","/Script/Engine.BlueprintGeneratedClass'/Game/ShopSim/Blueprints/Items/ElectrofixItems/Electrofix_Item_GameCase.Electrofix_Item_GameCase_C'","(X=0.816534,Y=8.713328,Z=11.027593)","0","Small","(SmallGameShelf,MediumGameShelf,LargeGameShelf)","3.000000","1.600000","True","/Script/Engine.Texture2D'/Game/Assets/Textures/Games/3419430.3419430'","False","1"
2622000,"2622000","NSLOCTEXT(""[E5BFDAE8AEB602F182D337FF23D0F958]"", ""CE3D16F74A52517063EE79AD6928230A"", ""Astro Pawty"")","NSLOCTEXT(""[E5BFDAE8AEB602F182D337FF23D0F958]"", ""42B34C874140758549B7849DAFDBD762"", ""Astro Pawty"")","/Script/Engine.Texture2D'/Game/IconCreator/T_AstroPawty.T_AstroPawty'","(""Games"")","/Script/Engine.StaticMesh'/Game/Assets/Meshes/SM_GameCase.SM_GameCase'","(""/Script/Engine.MaterialInstanceConstant'/Game/Assets/Materials/MI_GameBox_Base.MI_GameBox_Base'"",""/Script/Engine.MaterialInstanceConstant'/Game/Assets/Materials/MI_GameCaseCover.MI_GameCaseCover'"",""/Script/Engine.MaterialInstanceConstant'/Game/Assets/Materials/MI_GameBox_TopBrand.MI_GameBox_TopBrand'"")","None","10.000000","15.000000","(Rotation=(X=0.000000,Y=-0.000000,Z=0.000000,W=1.000000),Translation=(X=0.000000,Y=0.000000,Z=0.000000),Scale3D=(X=1.000000,Y=1.000000,Z=1.000000))","/Script/Engine.BlueprintGeneratedClass'/Game/ShopSim/Blueprints/Items/ElectrofixItems/Electrofix_Item_GameCase.Electrofix_Item_GameCase_C'","(X=0.816534,Y=8.713328,Z=11.027593)","0","Small","(SmallGameShelf,MediumGameShelf,LargeGameShelf)","3.000000","1.600000","True","/Script/Engine.Texture2D'/Game/Assets/Textures/Games/2622000.2622000'","False","1"
3511030,"3511030","NSLOCTEXT(""[E5BFDAE8AEB602F182D337FF23D0F958]"", ""D814134E4728B09B0A9FBA9C8830D8D9"", ""Mini Cozzy Canine"")","NSLOCTEXT(""[E5BFDAE8AEB602F182D337FF23D0F958]"", ""60B3EDE24FFFA585336D36BB03AF41A8"", ""Mini Cozzy Canine"")","/Script/Engine.Texture2D'/Game/IconCreator/T_MiniCozyCanine.T_MiniCozyCanine'","(""Games"")","/Script/Engine.StaticMesh'/Game/Assets/Meshes/SM_GameCase.SM_GameCase'","(""/Script/Engine.MaterialInstanceConstant'/Game/Assets/Materials/MI_GameBox_Base.MI_GameBox_Base'"",""/Script/Engine.MaterialInstanceConstant'/Game/Assets/Materials/MI_GameCaseCover.MI_GameCaseCover'"",""/Script/Engine.MaterialInstanceConstant'/Game/Assets/Materials/MI_GameBox_TopBrand.MI_GameBox_TopBrand'"")","None","10.000000","15.000000","(Rotation=(X=0.000000,Y=-0.000000,Z=0.000000,W=1.000000),Translation=(X=0.000000,Y=0.000000,Z=0.000000),Scale3D=(X=1.000000,Y=1.000000,Z=1.000000))","/Script/Engine.BlueprintGeneratedClass'/Game/ShopSim/Blueprints/Items/ElectrofixItems/Electrofix_Item_GameCase.Electrofix_Item_GameCase_C'","(X=0.816534,Y=8.713328,Z=11.027593)","0","Small","(SmallGameShelf,MediumGameShelf,LargeGameShelf)","3.000000","1.600000","True","/Script/Engine.Texture2D'/Game/Assets/Textures/Games/3511030.3511030'","False","1"
2780980,"2780980","NSLOCTEXT(""[E5BFDAE8AEB602F182D337FF23D0F958]"", ""5A24AED44FC7873931311D900FD9E7F7"", ""Barkdown Patrol"")","NSLOCTEXT(""[E5BFDAE8AEB602F182D337FF23D0F958]"", ""D544545E4C8947529C9E7CAFD304142D"", ""Barkdown Patrol"")","/Script/Engine.Texture2D'/Game/IconCreator/T_BarkDown.T_BarkDown'","(""Games"")","/Script/Engine.StaticMesh'/Game/Assets/Meshes/SM_GameCase.SM_GameCase'","(""/Script/Engine.MaterialInstanceConstant'/Game/Assets/Materials/MI_GameBox_Base.MI_GameBox_Base'"",""/Script/Engine.MaterialInstanceConstant'/Game/Assets/Materials/MI_GameCaseCover.MI_GameCaseCover'"",""/Script/Engine.MaterialInstanceConstant'/Game/Assets/Materials/MI_GameBox_TopBrand.MI_GameBox_TopBrand'"")","None","10.000000","15.000000","(Rotation=(X=0.000000,Y=-0.000000,Z=0.000000,W=1.000000),Translation=(X=0.000000,Y=0.000000,Z=0.000000),Scale3D=(X=1.000000,Y=1.000000,Z=1.000000))","/Script/Engine.BlueprintGeneratedClass'/Game/ShopSim/Blueprints/Items/ElectrofixItems/Electrofix_Item_GameCase.Electrofix_Item_GameCase_C'","(X=0.816534,Y=8.713328,Z=11.027593)","0","Small","(SmallGameShelf,MediumGameShelf,LargeGameShelf)","3.000000","1.600000","True","/Script/Engine.Texture2D'/Game/Assets/Textures/Games/2780980.2780980'","False","1"
2420510,"2420510","NSLOCTEXT(""[E5BFDAE8AEB602F182D337FF23D0F958]"", ""ED4D36C54AAAFCD61A287FAFE08529BD"", ""DoggoCure"")","NSLOCTEXT(""[E5BFDAE8AEB602F182D337FF23D0F958]"", ""04AF0FC94FB1A33DB6B98DB29B8A4492"", ""DoggoCure"")","/Script/Engine.Texture2D'/Game/IconCreator/T_DoggoCure.T_DoggoCure'","(""Games"")","/Script/Engine.StaticMesh'/Game/Assets/Meshes/SM_GameCase.SM_GameCase'","(""/Script/Engine.MaterialInstanceConstant'/Game/Assets/Materials/MI_GameBox_Base.MI_GameBox_Base'"",""/Script/Engine.MaterialInstanceConstant'/Game/Assets/Materials/MI_GameCaseCover.MI_GameCaseCover'"",""/Script/Engine.MaterialInstanceConstant'/Game/Assets/Materials/MI_GameBox_TopBrand.MI_GameBox_TopBrand'"")","None","10.000000","15.000000","(Rotation=(X=0.000000,Y=-0.000000,Z=0.000000,W=1.000000),Translation=(X=0.000000,Y=0.000000,Z=0.000000),Scale3D=(X=1.000000,Y=1.000000,Z=1.000000))","/Script/Engine.BlueprintGeneratedClass'/Game/ShopSim/Blueprints/Items/ElectrofixItems/Electrofix_Item_GameCase.Electrofix_Item_GameCase_C'","(X=0.816534,Y=8.713328,Z=11.027593)","0","Small","(SmallGameShelf,MediumGameShelf,LargeGameShelf)","3.000000","1.600000","True","/Script/Engine.Texture2D'/Game/Assets/Textures/Games/2420510.2420510'","False","1"
2670630,"2670630","NSLOCTEXT(""[E5BFDAE8AEB602F182D337FF23D0F958]"", ""FE82CEC74288ED89F576F9AE8F93363F"", ""Supaw-Mart Simulator"")","NSLOCTEXT(""[E5BFDAE8AEB602F182D337FF23D0F958]"", ""E617A1AD479FBE87016A719375E926BE"", ""Supaw-Mart Simulator"")","/Script/Engine.Texture2D'/Game/IconCreator/T_Supaw-Mart.T_Supaw-Mart'","(""Games"")","/Script/Engine.StaticMesh'/Game/Assets/Meshes/SM_GameCase.SM_GameCase'","(""/Script/Engine.MaterialInstanceConstant'/Game/Assets/Materials/MI_GameBox_Base.MI_GameBox_Base'"",""/Script/Engine.MaterialInstanceConstant'/Game/Assets/Materials/MI_GameCaseCover.MI_GameCaseCover'"",""/Script/Engine.MaterialInstanceConstant'/Game/Assets/Materials/MI_GameBox_TopBrand.MI_GameBox_TopBrand'"")","None","10.000000","15.000000","(Rotation=(X=0.000000,Y=-0.000000,Z=0.000000,W=1.000000),Translation=(X=0.000000,Y=0.000000,Z=0.000000),Scale3D=(X=1.000000,Y=1.000000,Z=1.000000))","/Script/Engine.BlueprintGeneratedClass'/Game/ShopSim/Blueprints/Items/ElectrofixItems/Electrofix_Item_GameCase.Electrofix_Item_GameCase_C'","(X=0.816534,Y=8.713328,Z=11.027593)","0","Small","(SmallGameShelf,MediumGameShelf,LargeGameShelf)","3.000000","1.600000","True","/Script/Engine.Texture2D'/Game/Assets/Textures/Games/2670630.2670630'","False","1"
2300320,"2300320","NSLOCTEXT(""[E5BFDAE8AEB602F182D337FF23D0F958]"", ""70800F5A4A8CA7B70279C19F3A44F022"", ""Furm-ing Simulator"")","NSLOCTEXT(""[E5BFDAE8AEB602F182D337FF23D0F958]"", ""F632EA6748E6075F7FBC808D079CEAAF"", ""Furm-ing Simulator"")","/Script/Engine.Texture2D'/Game/IconCreator/T_FurmingSimulator.T_FurmingSimulator'","(""Games"")","/Script/Engine.StaticMesh'/Game/Assets/Meshes/SM_GameCase.SM_GameCase'","(""/Script/Engine.MaterialInstanceConstant'/Game/Assets/Materials/MI_GameBox_Base.MI_GameBox_Base'"",""/Script/Engine.MaterialInstanceConstant'/Game/Assets/Materials/MI_GameCaseCover.MI_GameCaseCover'"",""/Script/Engine.MaterialInstanceConstant'/Game/Assets/Materials/MI_GameBox_TopBrand.MI_GameBox_TopBrand'"")","None","10.000000","15.000000","(Rotation=(X=0.000000,Y=-0.000000,Z=0.000000,W=1.000000),Translation=(X=0.000000,Y=0.000000,Z=0.000000),Scale3D=(X=1.000000,Y=1.000000,Z=1.000000))","/Script/Engine.BlueprintGeneratedClass'/Game/ShopSim/Blueprints/Items/ElectrofixItems/Electrofix_Item_GameCase.Electrofix_Item_GameCase_C'","(X=0.816534,Y=8.713328,Z=11.027593)","0","Small","(SmallGameShelf,MediumGameShelf,LargeGameShelf)","3.000000","1.600000","True","/Script/Engine.Texture2D'/Game/Assets/Textures/Games/2300320.2300320'","False","1"
1700870,"1700870","NSLOCTEXT(""[E5BFDAE8AEB602F182D337FF23D0F958]"", ""AB6A32584A728924253E5CBDBF766931"", ""Caninefolk"")","NSLOCTEXT(""[E5BFDAE8AEB602F182D337FF23D0F958]"", ""72EC3A5E46DE2E0F7A02CD9011921FAE"", ""Caninefolk"")","/Script/Engine.Texture2D'/Game/IconCreator/T_CanineFolk.T_CanineFolk'","(""Games"")","/Script/Engine.StaticMesh'/Game/Assets/Meshes/SM_GameCase.SM_GameCase'","(""/Script/Engine.MaterialInstanceConstant'/Game/Assets/Materials/MI_GameBox_Base.MI_GameBox_Base'"",""/Script/Engine.MaterialInstanceConstant'/Game/Assets/Materials/MI_GameCaseCover.MI_GameCaseCover'"",""/Script/Engine.MaterialInstanceConstant'/Game/Assets/Materials/MI_GameBox_TopBrand.MI_GameBox_TopBrand'"")","None","10.000000","15.000000","(Rotation=(X=0.000000,Y=-0.000000,Z=0.000000,W=1.000000),Translation=(X=0.000000,Y=0.000000,Z=0.000000),Scale3D=(X=1.000000,Y=1.000000,Z=1.000000))","/Script/Engine.BlueprintGeneratedClass'/Game/ShopSim/Blueprints/Items/ElectrofixItems/Electrofix_Item_GameCase.Electrofix_Item_GameCase_C'","(X=0.816534,Y=8.713328,Z=11.027593)","0","Small","(SmallGameShelf,MediumGameShelf,LargeGameShelf)","3.000000","1.600000","True","/Script/Engine.Texture2D'/Game/Assets/Textures/Games/1700870.1700870'","False","1"
1623730,"1623730","NSLOCTEXT(""[E5BFDAE8AEB602F182D337FF23D0F958]"", ""6D1E7BC541B8998D003B18843E325EBF"", ""Barkworld"")","NSLOCTEXT(""[E5BFDAE8AEB602F182D337FF23D0F958]"", ""4E557C97404EF5BBFEF6AEB5ED5FD476"", ""Barkworld"")","/Script/Engine.Texture2D'/Game/IconCreator/T_BarkWorld.T_BarkWorld'","(""Games"")","/Script/Engine.StaticMesh'/Game/Assets/Meshes/SM_GameCase.SM_GameCase'","(""/Script/Engine.MaterialInstanceConstant'/Game/Assets/Materials/MI_GameBox_Base.MI_GameBox_Base'"",""/Script/Engine.MaterialInstanceConstant'/Game/Assets/Materials/MI_GameCaseCover.MI_GameCaseCover'"",""/Script/Engine.MaterialInstanceConstant'/Game/Assets/Materials/MI_GameBox_TopBrand.MI_GameBox_TopBrand'"")","None","10.000000","15.000000","(Rotation=(X=0.000000,Y=-0.000000,Z=0.000000,W=1.000000),Translation=(X=0.000000,Y=0.000000,Z=0.000000),Scale3D=(X=1.000000,Y=1.000000,Z=1.000000))","/Script/Engine.BlueprintGeneratedClass'/Game/ShopSim/Blueprints/Items/ElectrofixItems/Electrofix_Item_GameCase.Electrofix_Item_GameCase_C'","(X=0.816534,Y=8.713328,Z=11.027593)","0","Small","(SmallGameShelf,MediumGameShelf,LargeGameShelf)","3.000000","1.600000","True","/Script/Engine.Texture2D'/Game/Assets/Textures/Games/1623730.1623730'","False","1"
291550,"291550","NSLOCTEXT(""[E5BFDAE8AEB602F182D337FF23D0F958]"", ""CFADC7A7435B681637E56CB753D6AAD8"", ""Barkhalla"")","NSLOCTEXT(""[E5BFDAE8AEB602F182D337FF23D0F958]"", ""52EE97B74F4B150FC2D36CB80E1C082C"", ""Barkhalla"")","/Script/Engine.Texture2D'/Game/IconCreator/T_BarkHalla.T_BarkHalla'","(""Games"")","/Script/Engine.StaticMesh'/Game/Assets/Meshes/SM_GameCase.SM_GameCase'","(""/Script/Engine.MaterialInstanceConstant'/Game/Assets/Materials/MI_GameBox_Base.MI_GameBox_Base'"",""/Script/Engine.MaterialInstanceConstant'/Game/Assets/Materials/MI_GameCaseCover.MI_GameCaseCover'"",""/Script/Engine.MaterialInstanceConstant'/Game/Assets/Materials/MI_GameBox_TopBrand.MI_GameBox_TopBrand'"")","None","10.000000","15.000000","(Rotation=(X=0.000000,Y=-0.000000,Z=0.000000,W=1.000000),Translation=(X=0.000000,Y=0.000000,Z=0.000000),Scale3D=(X=1.000000,Y=1.000000,Z=1.000000))","/Script/Engine.BlueprintGeneratedClass'/Game/ShopSim/Blueprints/Items/ElectrofixItems/Electrofix_Item_GameCase.Electrofix_Item_GameCase_C'","(X=0.816534,Y=8.713328,Z=11.027593)","0","Small","(SmallGameShelf,MediumGameShelf,LargeGameShelf)","3.000000","1.600000","True","/Script/Engine.Texture2D'/Game/Assets/Textures/Games/291550.291550'","False","1"
1660080,"1660080","NSLOCTEXT(""[E5BFDAE8AEB602F182D337FF23D0F958]"", ""1AC373BD4B55B1FFC21B97B41ACA72EC"", ""Awoof"")","NSLOCTEXT(""[E5BFDAE8AEB602F182D337FF23D0F958]"", ""BDF49068470F0BC3BC74C5B7D83D0448"", ""Awoof"")","/Script/Engine.Texture2D'/Game/IconCreator/T_Awoof.T_Awoof'","(""Games"")","/Script/Engine.StaticMesh'/Game/Assets/Meshes/SM_GameCase.SM_GameCase'","(""/Script/Engine.MaterialInstanceConstant'/Game/Assets/Materials/MI_GameBox_Base.MI_GameBox_Base'"",""/Script/Engine.MaterialInstanceConstant'/Game/Assets/Materials/MI_GameCaseCover.MI_GameCaseCover'"",""/Script/Engine.MaterialInstanceConstant'/Game/Assets/Materials/MI_GameBox_TopBrand.MI_GameBox_TopBrand'"")","None","10.000000","15.000000","(Rotation=(X=0.000000,Y=-0.000000,Z=0.000000,W=1.000000),Translation=(X=0.000000,Y=0.000000,Z=0.000000),Scale3D=(X=1.000000,Y=1.000000,Z=1.000000))","/Script/Engine.BlueprintGeneratedClass'/Game/ShopSim/Blueprints/Items/ElectrofixItems/Electrofix_Item_GameCase.Electrofix_Item_GameCase_C'","(X=0.816534,Y=8.713328,Z=11.027593)","0","Small","(SmallGameShelf,MediumGameShelf,LargeGameShelf)","3.000000","1.600000","True","/Script/Engine.Texture2D'/Game/Assets/Textures/Games/1660080.1660080'","False","1"
1583230,"1583230","NSLOCTEXT(""[E5BFDAE8AEB602F182D337FF23D0F958]"", ""2E956D1449D3C45CC5715C9C1B9610D1"", ""Paw On Path"")","NSLOCTEXT(""[E5BFDAE8AEB602F182D337FF23D0F958]"", ""AA9321594701ECFFF564DBB6395C75B6"", ""Paw On Path"")","/Script/Engine.Texture2D'/Game/IconCreator/T_PawOnPath.T_PawOnPath'","(""Games"")","/Script/Engine.StaticMesh'/Game/Assets/Meshes/SM_GameCase.SM_GameCase'","(""/Script/Engine.MaterialInstanceConstant'/Game/Assets/Materials/MI_GameBox_Base.MI_GameBox_Base'"",""/Script/Engine.MaterialInstanceConstant'/Game/Assets/Materials/MI_GameCaseCover.MI_GameCaseCover'"",""/Script/Engine.MaterialInstanceConstant'/Game/Assets/Materials/MI_GameBox_TopBrand.MI_GameBox_TopBrand'"")","None","10.000000","15.000000","(Rotation=(X=0.000000,Y=-0.000000,Z=0.000000,W=1.000000),Translation=(X=0.000000,Y=0.000000,Z=0.000000),Scale3D=(X=1.000000,Y=1.000000,Z=1.000000))","/Script/Engine.BlueprintGeneratedClass'/Game/ShopSim/Blueprints/Items/ElectrofixItems/Electrofix_Item_GameCase.Electrofix_Item_GameCase_C'","(X=0.816534,Y=8.713328,Z=11.027593)","0","Small","(SmallGameShelf,MediumGameShelf,LargeGameShelf)","3.000000","1.600000","True","/Script/Engine.Texture2D'/Game/Assets/Textures/Games/1583230.1583230'","False","1"
1677740,"1677740","NSLOCTEXT(""[E5BFDAE8AEB602F182D337FF23D0F958]"", ""AB9E615641E7AF6540577E9C8F6BD387"", ""Stumble Mutts"")","NSLOCTEXT(""[E5BFDAE8AEB602F182D337FF23D0F958]"", ""821DE8A14D43590D06595E995E1D0CFE"", ""Stumble Mutts"")","/Script/Engine.Texture2D'/Game/IconCreator/T_StumbleMutts.T_StumbleMutts'","(""Games"")","/Script/Engine.StaticMesh'/Game/Assets/Meshes/SM_GameCase.SM_GameCase'","(""/Script/Engine.MaterialInstanceConstant'/Game/Assets/Materials/MI_GameBox_Base.MI_GameBox_Base'"",""/Script/Engine.MaterialInstanceConstant'/Game/Assets/Materials/MI_GameCaseCover.MI_GameCaseCover'"",""/Script/Engine.MaterialInstanceConstant'/Game/Assets/Materials/MI_GameBox_TopBrand.MI_GameBox_TopBrand'"")","None","10.000000","15.000000","(Rotation=(X=0.000000,Y=-0.000000,Z=0.000000,W=1.000000),Translation=(X=0.000000,Y=0.000000,Z=0.000000),Scale3D=(X=1.000000,Y=1.000000,Z=1.000000))","/Script/Engine.BlueprintGeneratedClass'/Game/ShopSim/Blueprints/Items/ElectrofixItems/Electrofix_Item_GameCase.Electrofix_Item_GameCase_C'","(X=0.816534,Y=8.713328,Z=11.027593)","0","Small","(SmallGameShelf,MediumGameShelf,LargeGameShelf)","3.000000","1.600000","True","/Script/Engine.Texture2D'/Game/Assets/Textures/Games/1677740.1677740'","False","1"
1604030,"1677740","NSLOCTEXT(""[E5BFDAE8AEB602F182D337FF23D0F958]"", ""3877856C4009381DF10EA6A283B3719E"", ""Canine Rising"")","NSLOCTEXT(""[E5BFDAE8AEB602F182D337FF23D0F958]"", ""38BE76994BD9CF5CC3E9A8977239A453"", ""Canine Rising"")","/Script/Engine.Texture2D'/Game/IconCreator/T_CanineRising.T_CanineRising'","(""Games"")","/Script/Engine.StaticMesh'/Game/Assets/Meshes/SM_GameCase.SM_GameCase'","(""/Script/Engine.MaterialInstanceConstant'/Game/Assets/Materials/MI_GameBox_Base.MI_GameBox_Base'"",""/Script/Engine.MaterialInstanceConstant'/Game/Assets/Materials/MI_GameCaseCover.MI_GameCaseCover'"",""/Script/Engine.MaterialInstanceConstant'/Game/Assets/Materials/MI_GameBox_TopBrand.MI_GameBox_TopBrand'"")","None","10.000000","15.000000","(Rotation=(X=0.000000,Y=-0.000000,Z=0.000000,W=1.000000),Translation=(X=0.000000,Y=0.000000,Z=0.000000),Scale3D=(X=1.000000,Y=1.000000,Z=1.000000))","/Script/Engine.BlueprintGeneratedClass'/Game/ShopSim/Blueprints/Items/ElectrofixItems/Electrofix_Item_GameCase.Electrofix_Item_GameCase_C'","(X=0.816534,Y=8.713328,Z=11.027593)","0","Small","(SmallGameShelf,MediumGameShelf,LargeGameShelf)","3.000000","1.600000","True","/Script/Engine.Texture2D'/Game/Assets/Textures/Games/1604030.1604030'","False","1"
1942280,"1942280","NSLOCTEXT(""[E5BFDAE8AEB602F182D337FF23D0F958]"", ""4CF942EC411C5EAD2EDB6FB43B75E8C1"", ""Dogtato"")","NSLOCTEXT(""[E5BFDAE8AEB602F182D337FF23D0F958]"", ""203B5FD14CCCB01C4BD5B1BCF7754DBF"", ""Dogtato"")","/Script/Engine.Texture2D'/Game/IconCreator/T_DogTato.T_DogTato'","(""Games"")","/Script/Engine.StaticMesh'/Game/Assets/Meshes/SM_GameCase.SM_GameCase'","(""/Script/Engine.MaterialInstanceConstant'/Game/Assets/Materials/MI_GameBox_Base.MI_GameBox_Base'"",""/Script/Engine.MaterialInstanceConstant'/Game/Assets/Materials/MI_GameCaseCover.MI_GameCaseCover'"",""/Script/Engine.MaterialInstanceConstant'/Game/Assets/Materials/MI_GameBox_TopBrand.MI_GameBox_TopBrand'"")","None","10.000000","15.000000","(Rotation=(X=0.000000,Y=-0.000000,Z=0.000000,W=1.000000),Translation=(X=0.000000,Y=0.000000,Z=0.000000),Scale3D=(X=1.000000,Y=1.000000,Z=1.000000))","/Script/Engine.BlueprintGeneratedClass'/Game/ShopSim/Blueprints/Items/ElectrofixItems/Electrofix_Item_GameCase.Electrofix_Item_GameCase_C'","(X=0.816534,Y=8.713328,Z=11.027593)","0","Small","(SmallGameShelf,MediumGameShelf,LargeGameShelf)","3.000000","1.600000","True","/Script/Engine.Texture2D'/Game/Assets/Textures/Games/1942280.1942280'","False","1"
1245620,"1245620","NSLOCTEXT(""[E5BFDAE8AEB602F182D337FF23D0F958]"", ""C145AFB44F55D5643E95D79641BD2BCA"", ""Eldon King"")","NSLOCTEXT(""[E5BFDAE8AEB602F182D337FF23D0F958]"", ""BCFD312446DB119B5A0E8D908FB14394"", ""Eldon King"")","/Script/Engine.Texture2D'/Game/IconCreator/T_EldonKing.T_EldonKing'","(""Games"")","/Script/Engine.StaticMesh'/Game/Assets/Meshes/SM_GameCase.SM_GameCase'","(""/Script/Engine.MaterialInstanceConstant'/Game/Assets/Materials/MI_GameBox_Base.MI_GameBox_Base'"",""/Script/Engine.MaterialInstanceConstant'/Game/Assets/Materials/MI_GameCaseCover.MI_GameCaseCover'"",""/Script/Engine.MaterialInstanceConstant'/Game/Assets/Materials/MI_GameBox_TopBrand.MI_GameBox_TopBrand'"")","None","10.000000","15.000000","(Rotation=(X=0.000000,Y=-0.000000,Z=0.000000,W=1.000000),Translation=(X=0.000000,Y=0.000000,Z=0.000000),Scale3D=(X=1.000000,Y=1.000000,Z=1.000000))","/Script/Engine.BlueprintGeneratedClass'/Game/ShopSim/Blueprints/Items/ElectrofixItems/Electrofix_Item_GameCase.Electrofix_Item_GameCase_C'","(X=0.816534,Y=8.713328,Z=11.027593)","0","Small","(SmallGameShelf,MediumGameShelf,LargeGameShelf)","3.000000","1.600000","True","/Script/Engine.Texture2D'/Game/Assets/Textures/Games/1245620.1245620'","False","1"
1091500,"1091500","NSLOCTEXT(""[E5BFDAE8AEB602F182D337FF23D0F958]"", ""D99AD4B445B618C5918581942C54BD89"", ""Cyberbark 2077"")","NSLOCTEXT(""[E5BFDAE8AEB602F182D337FF23D0F958]"", ""C5C5E0504F936D0363BBA6B8705BAC38"", ""Cyberbark 2077"")","/Script/Engine.Texture2D'/Game/IconCreator/T_Cyberbark.T_Cyberbark'","(""Games"")","/Script/Engine.StaticMesh'/Game/Assets/Meshes/SM_GameCase.SM_GameCase'","(""/Script/Engine.MaterialInstanceConstant'/Game/Assets/Materials/MI_GameBox_Base.MI_GameBox_Base'"",""/Script/Engine.MaterialInstanceConstant'/Game/Assets/Materials/MI_GameCaseCover.MI_GameCaseCover'"",""/Script/Engine.MaterialInstanceConstant'/Game/Assets/Materials/MI_GameBox_TopBrand.MI_GameBox_TopBrand'"")","None","10.000000","15.000000","(Rotation=(X=0.000000,Y=-0.000000,Z=0.000000,W=1.000000),Translation=(X=0.000000,Y=0.000000,Z=0.000000),Scale3D=(X=1.000000,Y=1.000000,Z=1.000000))","/Script/Engine.BlueprintGeneratedClass'/Game/ShopSim/Blueprints/Items/ElectrofixItems/Electrofix_Item_GameCase.Electrofix_Item_GameCase_C'","(X=0.816534,Y=8.713328,Z=11.027593)","0","Small","(SmallGameShelf,MediumGameShelf,LargeGameShelf)","3.000000","1.600000","True","/Script/Engine.Texture2D'/Game/Assets/Textures/Games/1091500.1091500'","False","1"
3240220,"3240220","NSLOCTEXT(""[E5BFDAE8AEB602F182D337FF23D0F958]"", ""BFF6286C4D5BBACF0952979CF9E74267"", ""Gran fido auto V"")","NSLOCTEXT(""[E5BFDAE8AEB602F182D337FF23D0F958]"", ""4C8D79B64D65BDE3F1E8C1A04C849B57"", ""Gran fido auto V"")","/Script/Engine.Texture2D'/Game/IconCreator/T_GrandFidoAuto.T_GrandFidoAuto'","(""Games"")","/Script/Engine.StaticMesh'/Game/Assets/Meshes/SM_GameCase.SM_GameCase'","(""/Script/Engine.MaterialInstanceConstant'/Game/Assets/Materials/MI_GameBox_Base.MI_GameBox_Base'"",""/Script/Engine.MaterialInstanceConstant'/Game/Assets/Materials/MI_GameCaseCover.MI_GameCaseCover'"",""/Script/Engine.MaterialInstanceConstant'/Game/Assets/Materials/MI_GameBox_TopBrand.MI_GameBox_TopBrand'"")","None","10.000000","15.000000","(Rotation=(X=0.000000,Y=-0.000000,Z=0.000000,W=1.000000),Translation=(X=0.000000,Y=0.000000,Z=0.000000),Scale3D=(X=1.000000,Y=1.000000,Z=1.000000))","/Script/Engine.BlueprintGeneratedClass'/Game/ShopSim/Blueprints/Items/ElectrofixItems/Electrofix_Item_GameCase.Electrofix_Item_GameCase_C'","(X=0.816534,Y=8.713328,Z=11.027593)","0","Small","(SmallGameShelf,MediumGameShelf,LargeGameShelf)","3.000000","1.600000","True","/Script/Engine.Texture2D'/Game/Assets/Textures/Games/3240220.3240220'","False","1"
2878980,"2878980","NSLOCTEXT(""[E5BFDAE8AEB602F182D337FF23D0F958]"", ""D85FACA84B4750100F259EAFE6CD6B73"", ""K-9 25"")","NSLOCTEXT(""[E5BFDAE8AEB602F182D337FF23D0F958]"", ""852D8FFE4FD0A2B67EC444846324BB81"", ""K-9 25"")","/Script/Engine.Texture2D'/Game/IconCreator/T_K-925.T_K-925'","(""Games"")","/Script/Engine.StaticMesh'/Game/Assets/Meshes/SM_GameCase.SM_GameCase'","(""/Script/Engine.MaterialInstanceConstant'/Game/Assets/Materials/MI_GameBox_Base.MI_GameBox_Base'"",""/Script/Engine.MaterialInstanceConstant'/Game/Assets/Materials/MI_GameCaseCover.MI_GameCaseCover'"",""/Script/Engine.MaterialInstanceConstant'/Game/Assets/Materials/MI_GameBox_TopBrand.MI_GameBox_TopBrand'"")","None","10.000000","15.000000","(Rotation=(X=0.000000,Y=-0.000000,Z=0.000000,W=1.000000),Translation=(X=0.000000,Y=0.000000,Z=0.000000),Scale3D=(X=1.000000,Y=1.000000,Z=1.000000))","/Script/Engine.BlueprintGeneratedClass'/Game/ShopSim/Blueprints/Items/ElectrofixItems/Electrofix_Item_GameCase.Electrofix_Item_GameCase_C'","(X=0.816534,Y=8.713328,Z=11.027593)","0","Small","(SmallGameShelf,MediumGameShelf,LargeGameShelf)","3.000000","1.600000","True","/Script/Engine.Texture2D'/Game/Assets/Textures/Games/2878980.2878980'","False","1"
218620,"218620","NSLOCTEXT(""[E5BFDAE8AEB602F182D337FF23D0F958]"", ""85D279244EB5E20015F3D58AC558BB33"", ""Pawday 2"")","NSLOCTEXT(""[E5BFDAE8AEB602F182D337FF23D0F958]"", ""F5F1C3DA470B9F852B4C4A9F30D946FD"", ""Pawday 2"")","/Script/Engine.Texture2D'/Game/IconCreator/T_PawDay2.T_PawDay2'","(""Games"")","/Script/Engine.StaticMesh'/Game/Assets/Meshes/SM_GameCase.SM_GameCase'","(""/Script/Engine.MaterialInstanceConstant'/Game/Assets/Materials/MI_GameBox_Base.MI_GameBox_Base'"",""/Script/Engine.MaterialInstanceConstant'/Game/Assets/Materials/MI_GameCaseCover.MI_GameCaseCover'"",""/Script/Engine.MaterialInstanceConstant'/Game/Assets/Materials/MI_GameBox_TopBrand.MI_GameBox_TopBrand'"")","None","10.000000","15.000000","(Rotation=(X=0.000000,Y=-0.000000,Z=0.000000,W=1.000000),Translation=(X=0.000000,Y=0.000000,Z=0.000000),Scale3D=(X=1.000000,Y=1.000000,Z=1.000000))","/Script/Engine.BlueprintGeneratedClass'/Game/ShopSim/Blueprints/Items/ElectrofixItems/Electrofix_Item_GameCase.Electrofix_Item_GameCase_C'","(X=0.816534,Y=8.713328,Z=11.027593)","0","Small","(SmallGameShelf,MediumGameShelf,LargeGameShelf)","3.000000","1.600000","True","/Script/Engine.Texture2D'/Game/Assets/Textures/Games/218620.218620'","False","1"
284160,"284160","NSLOCTEXT(""[E5BFDAE8AEB602F182D337FF23D0F958]"", ""9630862949DBC793DDCFBCB97B7BC20D"", ""barkNG.drive"")","NSLOCTEXT(""[E5BFDAE8AEB602F182D337FF23D0F958]"", ""5C0077E14BE98E05363FA8AA19DB71B3"", ""barkNG.drive"")","/Script/Engine.Texture2D'/Game/IconCreator/T_BarkNGDrive.T_BarkNGDrive'","(""Games"")","/Script/Engine.StaticMesh'/Game/Assets/Meshes/SM_GameCase.SM_GameCase'","(""/Script/Engine.MaterialInstanceConstant'/Game/Assets/Materials/MI_GameBox_Base.MI_GameBox_Base'"",""/Script/Engine.MaterialInstanceConstant'/Game/Assets/Materials/MI_GameCaseCover.MI_GameCaseCover'"",""/Script/Engine.MaterialInstanceConstant'/Game/Assets/Materials/MI_GameBox_TopBrand.MI_GameBox_TopBrand'"")","None","10.000000","15.000000","(Rotation=(X=0.000000,Y=-0.000000,Z=0.000000,W=1.000000),Translation=(X=0.000000,Y=0.000000,Z=0.000000),Scale3D=(X=1.000000,Y=1.000000,Z=1.000000))","/Script/Engine.BlueprintGeneratedClass'/Game/ShopSim/Blueprints/Items/ElectrofixItems/Electrofix_Item_GameCase.Electrofix_Item_GameCase_C'","(X=0.816534,Y=8.713328,Z=11.027593)","0","Small","(SmallGameShelf,MediumGameShelf,LargeGameShelf)","3.000000","1.600000","True","/Script/Engine.Texture2D'/Game/Assets/Textures/Games/284160.284160'","False","1"
1174180,"1174180","NSLOCTEXT(""[E5BFDAE8AEB602F182D337FF23D0F958]"", ""31F6D7C646EC180F52C5BFBDFD594761"", ""RUFF DEADS RETRIEVAL II"")","NSLOCTEXT(""[E5BFDAE8AEB602F182D337FF23D0F958]"", ""140DA00A49711D0BDEB7BC8BD894770A"", ""RUFF DEADS RETRIEVAL II"")","/Script/Engine.Texture2D'/Game/IconCreator/T_RuffDeedsRetrievalII.T_RuffDeedsRetrievalII'","(""Games"")","/Script/Engine.StaticMesh'/Game/Assets/Meshes/SM_GameCase.SM_GameCase'","(""/Script/Engine.MaterialInstanceConstant'/Game/Assets/Materials/MI_GameBox_Base.MI_GameBox_Base'"",""/Script/Engine.MaterialInstanceConstant'/Game/Assets/Materials/MI_GameCaseCover.MI_GameCaseCover'"",""/Script/Engine.MaterialInstanceConstant'/Game/Assets/Materials/MI_GameBox_TopBrand.MI_GameBox_TopBrand'"")","None","10.000000","15.000000","(Rotation=(X=0.000000,Y=-0.000000,Z=0.000000,W=1.000000),Translation=(X=0.000000,Y=0.000000,Z=0.000000),Scale3D=(X=1.000000,Y=1.000000,Z=1.000000))","/Script/Engine.BlueprintGeneratedClass'/Game/ShopSim/Blueprints/Items/ElectrofixItems/Electrofix_Item_GameCase.Electrofix_Item_GameCase_C'","(X=0.816534,Y=8.713328,Z=11.027593)","0","Small","(SmallGameShelf,MediumGameShelf,LargeGameShelf)","3.000000","1.600000","True","/Script/Engine.Texture2D'/Game/Assets/Textures/Games/1174180.1174180'","False","1"
1551360,"1551360","NSLOCTEXT(""[E5BFDAE8AEB602F182D337FF23D0F958]"", ""529EA9B946DEDC9521741EB01C753383"", ""Furza Howl-Izon K9"")","NSLOCTEXT(""[E5BFDAE8AEB602F182D337FF23D0F958]"", ""D16F77D14E213041443D0EB233BE6C1E"", ""Furza Howl-Izon K9"")","/Script/Engine.Texture2D'/Game/IconCreator/T_Furza.T_Furza'","(""Games"")","/Script/Engine.StaticMesh'/Game/Assets/Meshes/SM_GameCase.SM_GameCase'","(""/Script/Engine.MaterialInstanceConstant'/Game/Assets/Materials/MI_GameBox_Base.MI_GameBox_Base'"",""/Script/Engine.MaterialInstanceConstant'/Game/Assets/Materials/MI_GameCaseCover.MI_GameCaseCover'"",""/Script/Engine.MaterialInstanceConstant'/Game/Assets/Materials/MI_GameBox_TopBrand.MI_GameBox_TopBrand'"")","None","10.000000","15.000000","(Rotation=(X=0.000000,Y=-0.000000,Z=0.000000,W=1.000000),Translation=(X=0.000000,Y=0.000000,Z=0.000000),Scale3D=(X=1.000000,Y=1.000000,Z=1.000000))","/Script/Engine.BlueprintGeneratedClass'/Game/ShopSim/Blueprints/Items/ElectrofixItems/Electrofix_Item_GameCase.Electrofix_Item_GameCase_C'","(X=0.816534,Y=8.713328,Z=11.027593)","0","Small","(SmallGameShelf,MediumGameShelf,LargeGameShelf)","3.000000","1.600000","True","/Script/Engine.Texture2D'/Game/Assets/Textures/Games/1551360.1551360'","False","1"
1222670,"1222670","NSLOCTEXT(""[E5BFDAE8AEB602F182D337FF23D0F958]"", ""927493B54B87285145EDC6B4BFBBF833"", ""The sniffs 4"")","NSLOCTEXT(""[E5BFDAE8AEB602F182D337FF23D0F958]"", ""4911B9F042268B21DA6C3DBA53FCBEB0"", ""The sniffs 4"")","/Script/Engine.Texture2D'/Game/IconCreator/T_Sniffs4.T_Sniffs4'","(""Games"")","/Script/Engine.StaticMesh'/Game/Assets/Meshes/SM_GameCase.SM_GameCase'","(""/Script/Engine.MaterialInstanceConstant'/Game/Assets/Materials/MI_GameBox_Base.MI_GameBox_Base'"",""/Script/Engine.MaterialInstanceConstant'/Game/Assets/Materials/MI_GameCaseCover.MI_GameCaseCover'"",""/Script/Engine.MaterialInstanceConstant'/Game/Assets/Materials/MI_GameBox_TopBrand.MI_GameBox_TopBrand'"")","None","10.000000","15.000000","(Rotation=(X=0.000000,Y=-0.000000,Z=0.000000,W=1.000000),Translation=(X=0.000000,Y=0.000000,Z=0.000000),Scale3D=(X=1.000000,Y=1.000000,Z=1.000000))","/Script/Engine.BlueprintGeneratedClass'/Game/ShopSim/Blueprints/Items/ElectrofixItems/Electrofix_Item_GameCase.Electrofix_Item_GameCase_C'","(X=0.816534,Y=8.713328,Z=11.027593)","0","Small","(SmallGameShelf,MediumGameShelf,LargeGameShelf)","3.000000","1.600000","True","/Script/Engine.Texture2D'/Game/Assets/Textures/Games/1222670.1222670'","False","1"
2215430,"2215430","NSLOCTEXT(""[E5BFDAE8AEB602F182D337FF23D0F958]"", ""FA2F23A44A08855E723552B582BD995E"", ""Ghost of shiba-shima"")","NSLOCTEXT(""[E5BFDAE8AEB602F182D337FF23D0F958]"", ""EF0BB4474CFFF0C7E6F6DBB5198C7CC6"", ""Ghost of shiba-shima"")","/Script/Engine.Texture2D'/Game/IconCreator/T_GhostOfShiba-Shima.T_GhostOfShiba-Shima'","(""Games"")","/Script/Engine.StaticMesh'/Game/Assets/Meshes/SM_GameCase.SM_GameCase'","(""/Script/Engine.MaterialInstanceConstant'/Game/Assets/Materials/MI_GameBox_Base.MI_GameBox_Base'"",""/Script/Engine.MaterialInstanceConstant'/Game/Assets/Materials/MI_GameCaseCover.MI_GameCaseCover'"",""/Script/Engine.MaterialInstanceConstant'/Game/Assets/Materials/MI_GameBox_TopBrand.MI_GameBox_TopBrand'"")","None","10.000000","15.000000","(Rotation=(X=0.000000,Y=-0.000000,Z=0.000000,W=1.000000),Translation=(X=0.000000,Y=0.000000,Z=0.000000),Scale3D=(X=1.000000,Y=1.000000,Z=1.000000))","/Script/Engine.BlueprintGeneratedClass'/Game/ShopSim/Blueprints/Items/ElectrofixItems/Electrofix_Item_GameCase.Electrofix_Item_GameCase_C'","(X=0.816534,Y=8.713328,Z=11.027593)","0","Small","(SmallGameShelf,MediumGameShelf,LargeGameShelf)","3.000000","1.600000","True","/Script/Engine.Texture2D'/Game/Assets/Textures/Games/2215430.2215430'","False","1"
Keyboard1,"Keyboard1","NSLOCTEXT(""[E5BFDAE8AEB602F182D337FF23D0F958]"", ""E292899A411C28539B18DCB79224DC93"", ""Keyboard 1"")","NSLOCTEXT(""[E5BFDAE8AEB602F182D337FF23D0F958]"", ""7ED7B6D24AB4C0DDDBB586991F30013E"", ""Keyboard 1"")","None","","/Script/Engine.StaticMesh'/Game/ShopSim/Demo/Shapes/SM_Shape_Cube.SM_Shape_Cube'","(""/Script/Engine.MaterialInstanceConstant'/Game/ShopSim/Materials/Colors/MI_Basic_Color_Orange.MI_Basic_Color_Orange'"")","None","80.000000","110.000000","(Rotation=(X=0.000000,Y=-0.000000,Z=0.000000,W=1.000000),Translation=(X=0.000000,Y=0.000000,Z=0.000000),Scale3D=(X=1.000000,Y=1.000000,Z=1.000000))","/Script/Engine.BlueprintGeneratedClass'/Game/ShopSim/Blueprints/Items/Item_Keyboard.Item_Keyboard_C'","(X=1.989910,Y=37.562060,Z=15.264378)","0","Medium","(SmallStoreShelf,MediumStoreShelf,LargeStoreShelf)","2.000000","2.000000","False","None","False","1"
Keyboard2,"Keyboard2","NSLOCTEXT(""[E5BFDAE8AEB602F182D337FF23D0F958]"", ""DF2E6BA447352FAB4AF37BA23DFEE7B5"", ""Keyboard 2"")","NSLOCTEXT(""[E5BFDAE8AEB602F182D337FF23D0F958]"", ""C525FA524414225F03581CB7E9C8EA05"", ""Keyboard 2"")","None","","/Script/Engine.StaticMesh'/Game/ShopSim/Demo/Shapes/SM_Shape_Cube.SM_Shape_Cube'","(""/Script/Engine.MaterialInstanceConstant'/Game/ShopSim/Materials/Colors/MI_Basic_Color_LightBlue.MI_Basic_Color_LightBlue'"")","None","80.000000","110.000000","(Rotation=(X=0.000000,Y=-0.000000,Z=0.000000,W=1.000000),Translation=(X=0.000000,Y=0.000000,Z=0.000000),Scale3D=(X=1.000000,Y=1.000000,Z=1.000000))","/Script/Engine.BlueprintGeneratedClass'/Game/ShopSim/Blueprints/Items/Item_Keyboard.Item_Keyboard_C'","(X=1.989910,Y=37.562060,Z=15.264378)","0","Medium","(SmallStoreShelf,MediumStoreShelf,LargeStoreShelf)","2.000000","2.000000","False","None","False","1"
Keyboard3,"Keyboard3","NSLOCTEXT(""[E5BFDAE8AEB602F182D337FF23D0F958]"", ""07693B404FB07D1AC088879364B5AE59"", ""Keyboard 3"")","NSLOCTEXT(""[E5BFDAE8AEB602F182D337FF23D0F958]"", ""D1DC73AB488550F0D8A7608B3674C02A"", ""Keyboard 3"")","None","","/Script/Engine.StaticMesh'/Game/ShopSim/Demo/Shapes/SM_Shape_Cube.SM_Shape_Cube'","(""/Script/Engine.MaterialInstanceConstant'/Game/ShopSim/Materials/Colors/MI_Basic_Color_Pink.MI_Basic_Color_Pink'"")","None","80.000000","110.000000","(Rotation=(X=0.000000,Y=-0.000000,Z=0.000000,W=1.000000),Translation=(X=0.000000,Y=0.000000,Z=0.000000),Scale3D=(X=1.000000,Y=1.000000,Z=1.000000))","/Script/Engine.BlueprintGeneratedClass'/Game/ShopSim/Blueprints/Items/Item_Keyboard.Item_Keyboard_C'","(X=1.989910,Y=37.562060,Z=15.264378)","0","Medium","(SmallStoreShelf,MediumStoreShelf,LargeStoreShelf)","2.000000","2.000000","False","None","False","1"
Headset1,"Headset1","NSLOCTEXT(""[E5BFDAE8AEB602F182D337FF23D0F958]"", ""BCEB16C6422C84A6DB0CBDAA6B97EF5D"", ""Headset 1"")","NSLOCTEXT(""[E5BFDAE8AEB602F182D337FF23D0F958]"", ""D615815C43DB95599658C48B9DDBC98E"", ""Headset 1"")","None","","/Script/Engine.StaticMesh'/Game/ElectronicsShop/Meshes/SM_HeadsetBox_01.SM_HeadsetBox_01'","(""/Script/Engine.MaterialInstanceConstant'/Game/ElectronicsShop/Materials/Material_instances/MI_Products_01.MI_Products_01'"")","None","45.000000","60.000000","(Rotation=(X=0.000000,Y=-0.000000,Z=0.000000,W=1.000000),Translation=(X=0.000000,Y=0.000000,Z=0.000000),Scale3D=(X=1.000000,Y=1.000000,Z=1.000000))","/Script/Engine.BlueprintGeneratedClass'/Game/ShopSim/Blueprints/Items/Item_Headphone1.Item_Headphone1_C'","(X=7.913098,Y=14.715392,Z=13.696578)","0","Medium","(SmallStoreShelf,MediumStoreShelf,LargeStoreShelf)","2.000000","2.000000","False","None","False","1"
Headset2,"Headset2","NSLOCTEXT(""[E5BFDAE8AEB602F182D337FF23D0F958]"", ""F34DFADF42942DA9E6C79DAD20ECCC0F"", ""Headset 2"")","NSLOCTEXT(""[E5BFDAE8AEB602F182D337FF23D0F958]"", ""7FDA3AB641746170BA8AB08E43150356"", ""Headset 2"")","None","","/Script/Engine.StaticMesh'/Game/ElectronicsShop/Meshes/SM_HeadsetBox_01.SM_HeadsetBox_01'","(""/Script/Engine.MaterialInstanceConstant'/Game/ShopSim/Materials/Colors/MI_Basic_Color_Orange.MI_Basic_Color_Orange'"")","None","45.000000","60.000000","(Rotation=(X=0.000000,Y=-0.000000,Z=0.000000,W=1.000000),Translation=(X=0.000000,Y=0.000000,Z=0.000000),Scale3D=(X=1.000000,Y=1.000000,Z=1.000000))","/Script/Engine.BlueprintGeneratedClass'/Game/ShopSim/Blueprints/Items/Item_Headphone1.Item_Headphone1_C'","(X=7.913098,Y=14.715392,Z=13.696578)","0","Medium","(SmallStoreShelf,MediumStoreShelf,LargeStoreShelf)","2.000000","2.000000","False","None","False","1"
Headset3,"Headset3","NSLOCTEXT(""[E5BFDAE8AEB602F182D337FF23D0F958]"", ""463D35264CB640B857673892590C5C94"", ""Headset 3"")","NSLOCTEXT(""[E5BFDAE8AEB602F182D337FF23D0F958]"", ""C8D76F964E94692E83F53BBD1299F568"", ""Headset 3"")","None","","/Script/Engine.StaticMesh'/Game/ElectronicsShop/Meshes/SM_HeadsetBox_01.SM_HeadsetBox_01'","(""/Script/Engine.MaterialInstanceConstant'/Game/ShopSim/Materials/Colors/MI_Basic_Color_Pink.MI_Basic_Color_Pink'"")","None","45.000000","60.000000","(Rotation=(X=0.000000,Y=-0.000000,Z=0.000000,W=1.000000),Translation=(X=0.000000,Y=0.000000,Z=0.000000),Scale3D=(X=1.000000,Y=1.000000,Z=1.000000))","/Script/Engine.BlueprintGeneratedClass'/Game/ShopSim/Blueprints/Items/Item_Headphone1.Item_Headphone1_C'","(X=7.913098,Y=14.715392,Z=13.696578)","0","Medium","(SmallStoreShelf,MediumStoreShelf,LargeStoreShelf)","2.000000","2.000000","False","None","False","1"
Mouse1,"Mouse1","NSLOCTEXT(""[E5BFDAE8AEB602F182D337FF23D0F958]"", ""DF4A22EF45FF6545C4C930BC5A5E45C0"", ""Mouse 1"")","NSLOCTEXT(""[E5BFDAE8AEB602F182D337FF23D0F958]"", ""9F252C4E4BF0A48533485D8EBE397370"", ""Mouse 1"")","None","","/Script/Engine.StaticMesh'/Engine/BasicShapes/Cube.Cube'","(""/Script/Engine.MaterialInstanceConstant'/Game/ShopSim/Materials/Colors/MI_Basic_Color_Pink.MI_Basic_Color_Pink'"")","None","30.000000","40.000000","(Rotation=(X=0.000000,Y=-0.000000,Z=0.000000,W=1.000000),Translation=(X=0.000000,Y=0.000000,Z=0.000000),Scale3D=(X=1.000000,Y=1.000000,Z=1.000000))","/Script/Engine.BlueprintGeneratedClass'/Game/ShopSim/Blueprints/Items/Item_Mouse1.Item_Mouse1_C'","(X=4.215036,Y=6.745287,Z=10.523513)","0","Small","(SmallStoreShelf,MediumStoreShelf,LargeStoreShelf)","2.000000","2.000000","False","None","False","1"
Mouse2,"Mouse2","NSLOCTEXT(""[E5BFDAE8AEB602F182D337FF23D0F958]"", ""EBAB55724AF498538CADDC8FF804AAB3"", ""Mouse 2"")","NSLOCTEXT(""[E5BFDAE8AEB602F182D337FF23D0F958]"", ""56B20DB346527781A728769FB71BBAB4"", ""Mouse 2"")","None","","/Script/Engine.StaticMesh'/Engine/BasicShapes/Cube.Cube'","(""/Script/Engine.MaterialInstanceConstant'/Game/ShopSim/Materials/Colors/MI_Basic_Color_Orange.MI_Basic_Color_Orange'"")","None","30.000000","40.000000","(Rotation=(X=0.000000,Y=-0.000000,Z=0.000000,W=1.000000),Translation=(X=0.000000,Y=0.000000,Z=0.000000),Scale3D=(X=1.000000,Y=1.000000,Z=1.000000))","/Script/Engine.BlueprintGeneratedClass'/Game/ShopSim/Blueprints/Items/Item_Mouse1.Item_Mouse1_C'","(X=4.215036,Y=6.745287,Z=10.523513)","0","Small","(SmallStoreShelf,MediumStoreShelf,LargeStoreShelf)","2.000000","2.000000","False","None","False","1"
Mouse3,"Mouse3","NSLOCTEXT(""[E5BFDAE8AEB602F182D337FF23D0F958]"", ""50B2B3334897FD087D7395A3092F1BE7"", ""Mouse 3"")","NSLOCTEXT(""[E5BFDAE8AEB602F182D337FF23D0F958]"", ""CAF130164DF2A7BE9EB1B08D6CBFDF76"", ""Mouse 3"")","None","","/Script/Engine.StaticMesh'/Engine/BasicShapes/Cube.Cube'","(""/Script/Engine.MaterialInstanceConstant'/Game/ShopSim/Materials/Colors/MI_Basic_Color_LightBlue.MI_Basic_Color_LightBlue'"")","None","30.000000","40.000000","(Rotation=(X=0.000000,Y=-0.000000,Z=0.000000,W=1.000000),Translation=(X=0.000000,Y=0.000000,Z=0.000000),Scale3D=(X=1.000000,Y=1.000000,Z=1.000000))","/Script/Engine.BlueprintGeneratedClass'/Game/ShopSim/Blueprints/Items/Item_Mouse1.Item_Mouse1_C'","(X=4.215036,Y=6.745287,Z=10.523513)","0","Small","(SmallStoreShelf,MediumStoreShelf,LargeStoreShelf)","2.000000","2.000000","False","None","False","1"
ComputerScreen1,"ComputerScreen1","NSLOCTEXT(""[E5BFDAE8AEB602F182D337FF23D0F958]"", ""9C4EDC954FF4B35C6A4ECD8814A44C57"", ""ComputerScreen 1"")","NSLOCTEXT(""[E5BFDAE8AEB602F182D337FF23D0F958]"", ""92E6545D47752727DC667FA417FD4FD4"", ""ComputerScreen 1"")","None","","/Script/Engine.StaticMesh'/Engine/BasicShapes/Cube.Cube'","(""/Script/Engine.MaterialInstanceConstant'/Game/ShopSim/Materials/Colors/MI_Basic_Color_LightBlue.MI_Basic_Color_LightBlue'"")","None","350.000000","600.000000","(Rotation=(X=0.000000,Y=-0.000000,Z=0.000000,W=1.000000),Translation=(X=0.000000,Y=0.000000,Z=0.000000),Scale3D=(X=1.000000,Y=1.000000,Z=1.000000))","/Script/Engine.BlueprintGeneratedClass'/Game/ShopSim/Blueprints/Items/BP_Item_ComputerScreen.BP_Item_ComputerScreen_C'","(X=27.523798,Y=3.575631,Z=18.067572)","0","Small","(SmallStoreShelf,MediumStoreShelf,LargeStoreShelf)","2.000000","2.000000","False","None","False","1"
ComputerScreen2,"ComputerScreen2","NSLOCTEXT(""[E5BFDAE8AEB602F182D337FF23D0F958]"", ""4D5BDDFB44D30EE1CEBC6CA7F01423AF"", ""ComputerScreen 2"")","NSLOCTEXT(""[E5BFDAE8AEB602F182D337FF23D0F958]"", ""AD2DBBA146036A08ECF4C38920491D27"", ""ComputerScreen 2"")","None","","/Script/Engine.StaticMesh'/Engine/BasicShapes/Cube.Cube'","(""/Script/Engine.MaterialInstanceConstant'/Game/ShopSim/Materials/Colors/MI_Basic_Color_Pink.MI_Basic_Color_Pink'"")","None","45.000000","60.000000","(Rotation=(X=0.000000,Y=-0.000000,Z=0.000000,W=1.000000),Translation=(X=0.000000,Y=0.000000,Z=0.000000),Scale3D=(X=1.000000,Y=1.000000,Z=1.000000))","/Script/Engine.BlueprintGeneratedClass'/Game/ShopSim/Blueprints/Items/BP_Item_ComputerScreen.BP_Item_ComputerScreen_C'","(X=27.523798,Y=3.575631,Z=18.067572)","0","Small","(SmallStoreShelf,MediumStoreShelf,LargeStoreShelf)","2.000000","2.000000","False","None","False","1"
Laptop1,"Laptop1","NSLOCTEXT(""[E5BFDAE8AEB602F182D337FF23D0F958]"", ""3A6137334EC0018B9CC6FFAF417D6CC0"", ""Laptop 1"")","NSLOCTEXT(""[E5BFDAE8AEB602F182D337FF23D0F958]"", ""73D00CD44B68343B454741A03391D081"", ""Laptop 1"")","None","","/Script/Engine.StaticMesh'/Game/ShopSim/Demo/Shapes/SM_Shape_Cube.SM_Shape_Cube'","(""/Script/Engine.MaterialInstanceConstant'/Game/ShopSim/Materials/Colors/MI_Basic_Color_LightBlue.MI_Basic_Color_LightBlue'"")","None","750.000000","1000.000000","(Rotation=(X=0.000000,Y=-0.000000,Z=0.000000,W=1.000000),Translation=(X=0.000000,Y=0.000000,Z=0.000000),Scale3D=(X=1.000000,Y=1.000000,Z=1.000000))","/Script/Engine.BlueprintGeneratedClass'/Game/ShopSim/Blueprints/Items/BP_Item_Laptop.BP_Item_Laptop_C'","(X=17.220569,Y=2.251713,Z=12.595263)","0","Small","(SmallStoreShelf,MediumStoreShelf,LargeStoreShelf)","2.000000","2.000000","False","None","False","1"
Laptop2,"Laptop2","NSLOCTEXT(""[E5BFDAE8AEB602F182D337FF23D0F958]"", ""CFF3379640101279091FF2946A96BAC5"", ""Laptop 2"")","NSLOCTEXT(""[E5BFDAE8AEB602F182D337FF23D0F958]"", ""DA17A9E5442CE8464F68A184DE4A27D3"", ""Laptop 2"")","None","","/Script/Engine.StaticMesh'/Game/ShopSim/Demo/Shapes/SM_Shape_Cube.SM_Shape_Cube'","(""/Script/Engine.MaterialInstanceConstant'/Game/ShopSim/Materials/Colors/MI_Basic_Color_Orange.MI_Basic_Color_Orange'"")","None","750.000000","1000.000000","(Rotation=(X=0.000000,Y=-0.000000,Z=0.000000,W=1.000000),Translation=(X=0.000000,Y=0.000000,Z=0.000000),Scale3D=(X=1.000000,Y=1.000000,Z=1.000000))","/Script/Engine.BlueprintGeneratedClass'/Game/ShopSim/Blueprints/Items/BP_Item_Laptop.BP_Item_Laptop_C'","(X=17.220569,Y=2.251713,Z=12.595263)","0","Small","(SmallStoreShelf,MediumStoreShelf,LargeStoreShelf)","2.000000","2.000000","False","None","False","1"
Computer1,"Computer1","NSLOCTEXT(""[E5BFDAE8AEB602F182D337FF23D0F958]"", ""D1D1AF3441C592AB7E8540ABFE23A6C6"", ""Computer 1"")","NSLOCTEXT(""[E5BFDAE8AEB602F182D337FF23D0F958]"", ""A413767A48AA2E9B99966FB8D731A62E"", ""Computer 1"")","None","","/Script/Engine.StaticMesh'/Game/ShopSim/Demo/Shapes/SM_Shape_Cube.SM_Shape_Cube'","(""/Script/Engine.MaterialInstanceConstant'/Game/ShopSim/Materials/Colors/MI_Basic_Color_Pink.MI_Basic_Color_Pink'"")","None","650.000000","850.000000","(Rotation=(X=0.000000,Y=-0.000000,Z=0.000000,W=1.000000),Translation=(X=0.000000,Y=0.000000,Z=0.000000),Scale3D=(X=1.000000,Y=1.000000,Z=1.000000))","/Script/Engine.BlueprintGeneratedClass'/Game/ShopSim/Blueprints/Items/BP_ItemComputer.BP_ItemComputer_C'","(X=31.685223,Y=15.496096,Z=33.590519)","0","Small","(SmallStoreShelf,MediumStoreShelf,LargeStoreShelf)","2.000000","2.000000","False","None","False","1"
Computer2,"Computer2","NSLOCTEXT(""[E5BFDAE8AEB602F182D337FF23D0F958]"", ""C441D9A647FDBBEC2D241E89BACF48B2"", ""Computer 2"")","NSLOCTEXT(""[E5BFDAE8AEB602F182D337FF23D0F958]"", ""CBB7AC834F6A8790618AA2A674C760D2"", ""Computer 2"")","None","","/Script/Engine.StaticMesh'/Game/ShopSim/Demo/Shapes/SM_Shape_Cube.SM_Shape_Cube'","(""/Script/Engine.MaterialInstanceConstant'/Game/ShopSim/Materials/Colors/MI_Basic_Color_Orange.MI_Basic_Color_Orange'"")","None","950.000000","1500.000000","(Rotation=(X=0.000000,Y=-0.000000,Z=0.000000,W=1.000000),Translation=(X=0.000000,Y=0.000000,Z=0.000000),Scale3D=(X=1.000000,Y=1.000000,Z=1.000000))","/Script/Engine.BlueprintGeneratedClass'/Game/ShopSim/Blueprints/Items/BP_ItemComputer.BP_ItemComputer_C'","(X=31.685223,Y=15.496096,Z=33.590519)","0","Small","(SmallStoreShelf,MediumStoreShelf,LargeStoreShelf)","2.000000","2.000000","False","None","False","1"
Console1,"Console1","NSLOCTEXT(""[E5BFDAE8AEB602F182D337FF23D0F958]"", ""5F108C964FEC0081149145A96B01EF21"", ""Console 1"")","NSLOCTEXT(""[E5BFDAE8AEB602F182D337FF23D0F958]"", ""585A7D8644393C6E5091B68A7FD4C5EA"", ""Console 1"")","None","","/Script/Engine.StaticMesh'/Game/ShopSim/Demo/Shapes/SM_Shape_Cube.SM_Shape_Cube'","(""/Script/Engine.MaterialInstanceConstant'/Game/ShopSim/Materials/Colors/MI_Basic_Color_LightBlue.MI_Basic_Color_LightBlue'"")","None","300.000000","450.000000","(Rotation=(X=0.000000,Y=-0.000000,Z=0.000000,W=1.000000),Translation=(X=0.000000,Y=0.000000,Z=0.000000),Scale3D=(X=1.000000,Y=1.000000,Z=1.000000))","/Script/Engine.BlueprintGeneratedClass'/Game/ShopSim/Blueprints/Items/BP_ItemConsole1.BP_ItemConsole1_C'","(X=30.951935,Y=12.645108,Z=25.650215)","0","Small","(SmallStoreShelf,MediumStoreShelf,LargeStoreShelf)","2.000000","2.000000","False","None","False","1"
Console2,"Console2","NSLOCTEXT(""[E5BFDAE8AEB602F182D337FF23D0F958]"", ""9CE246604313B87B537382A0E145A9D7"", ""Console 2"")","NSLOCTEXT(""[E5BFDAE8AEB602F182D337FF23D0F958]"", ""959266A84070C631C5C3D1B94F9565E4"", ""Console 2"")","None","","/Script/Engine.StaticMesh'/Game/ShopSim/Demo/Shapes/SM_Shape_Cube.SM_Shape_Cube'","(""/Script/Engine.MaterialInstanceConstant'/Game/ShopSim/Materials/Colors/MI_Basic_Color_Green.MI_Basic_Color_Green'"")","None","200.000000","300.000000","(Rotation=(X=0.000000,Y=-0.000000,Z=0.000000,W=1.000000),Translation=(X=0.000000,Y=0.000000,Z=0.000000),Scale3D=(X=1.000000,Y=1.000000,Z=1.000000))","/Script/Engine.BlueprintGeneratedClass'/Game/ShopSim/Blueprints/Items/BP_ItemConsole1.BP_ItemConsole1_C'","(X=30.951935,Y=12.645108,Z=25.650215)","0","Small","(SmallStoreShelf,MediumStoreShelf,LargeStoreShelf)","2.000000","2.000000","False","None","False","1"
SmallStoreShelf,"SmallStoreShelf","NSLOCTEXT(""[E5BFDAE8AEB602F182D337FF23D0F958]"", ""AF23E75E46F0B075331998BA7DF8E1D7"", ""Small Store Shelf"")","NSLOCTEXT(""[E5BFDAE8AEB602F182D337FF23D0F958]"", ""DE2BC02047C37743358301B287CC9F2C"", ""Small Store Shelf"")","/Script/Engine.Texture2D'/Game/IconCreator/T_SmallShelf.T_SmallShelf'","(""Furnitures"")","/Script/Engine.StaticMesh'/Game/SM_SmallShelf1.SM_SmallShelf1'","","None","50.000000","2.000000","(Rotation=(X=0.000000,Y=-0.000000,Z=0.000000,W=1.000000),Translation=(X=0.000000,Y=0.000000,Z=0.000000),Scale3D=(X=1.000000,Y=1.000000,Z=1.000000))","/Script/Engine.BlueprintGeneratedClass'/Game/ShopSim/Blueprints/Items/BP_SmallStoreShelfItem.BP_SmallStoreShelfItem_C'","(X=5.000000,Y=5.000000,Z=12.000000)","0","Small","","0.000000","0.000000","False","None","False","1"
SmallGameShelf,"SmallGameShelf","NSLOCTEXT(""[E5BFDAE8AEB602F182D337FF23D0F958]"", ""29E765394ED28F91E1B1A6B8C5A9C542"", ""Small Game Shelf"")","NSLOCTEXT(""[E5BFDAE8AEB602F182D337FF23D0F958]"", ""C4605E864F4C3925E2E5BFB26319E44D"", ""Small Game Shelf"")","/Script/Engine.Texture2D'/Game/IconCreator/T_GameShelf.T_GameShelf'","(""Furnitures"")","/Script/Engine.StaticMesh'/Game/SM_SmallGameShelf.SM_SmallGameShelf'","","None","50.000000","2.000000","(Rotation=(X=0.000000,Y=-0.000000,Z=0.000000,W=1.000000),Translation=(X=0.000000,Y=0.000000,Z=0.000000),Scale3D=(X=1.000000,Y=1.000000,Z=1.000000))","/Script/Engine.BlueprintGeneratedClass'/Game/ShopSim/Blueprints/Items/BP_SmallGameShelfItem.BP_SmallGameShelfItem_C'","(X=5.000000,Y=5.000000,Z=12.000000)","0","Small","","0.000000","0.000000","False","None","False","1"
SmallRepairShelf,"SmallRepairShelf","NSLOCTEXT(""[E5BFDAE8AEB602F182D337FF23D0F958]"", ""8B65234C49DB781DB7918885A6E5E19F"", ""Small Repair Shelf"")","NSLOCTEXT(""[E5BFDAE8AEB602F182D337FF23D0F958]"", ""06CA4087478ED8E4CEB3038819600884"", ""Small Repair Shelf"")","/Script/Engine.Texture2D'/Game/IconCreator/T_SmallRepairShelf.T_SmallRepairShelf'","(""Furnitures"")","/Script/Engine.StaticMesh'/Game/SM_SmallPartsShelf.SM_SmallPartsShelf'","","None","50.000000","2.000000","(Rotation=(X=0.000000,Y=-0.000000,Z=0.000000,W=1.000000),Translation=(X=0.000000,Y=0.000000,Z=0.000000),Scale3D=(X=1.000000,Y=1.000000,Z=1.000000))","/Script/Engine.BlueprintGeneratedClass'/Game/ShopSim/Blueprints/Items/BP_SmallRepairShelfItem.BP_SmallRepairShelfItem_C'","(X=5.000000,Y=5.000000,Z=12.000000)","0","Small","","0.000000","0.000000","False","None","False","1"
MediumStoreShelf,"MediumStoreShelf","NSLOCTEXT(""[E5BFDAE8AEB602F182D337FF23D0F958]"", ""A3E60AC14D861752EEF18FB112C69A25"", ""Medium Store Shelf"")","NSLOCTEXT(""[E5BFDAE8AEB602F182D337FF23D0F958]"", ""B8CB318849BE61207875CCB38FF077EB"", ""Medium Store Shelf"")","/Script/Engine.Texture2D'/Game/IconCreator/T_MediumStoreShelf.T_MediumStoreShelf'","(""Furnitures"")","/Script/Engine.StaticMesh'/Game/SM_MediumStoreShelf.SM_MediumStoreShelf'","","None","800.000000","1.000000","(Rotation=(X=0.000000,Y=-0.000000,Z=0.000000,W=1.000000),Translation=(X=0.000000,Y=0.000000,Z=0.000000),Scale3D=(X=1.000000,Y=1.000000,Z=1.000000))","/Script/Engine.BlueprintGeneratedClass'/Game/ShopSim/Blueprints/Items/BP_MediumStoreShelfItem.BP_MediumStoreShelfItem_C'","(X=5.000000,Y=5.000000,Z=12.000000)","0","Small","","0.000000","0.000000","False","None","False","1"
MediumRepairShelf,"MediumRepairShelf","NSLOCTEXT(""[E5BFDAE8AEB602F182D337FF23D0F958]"", ""206C26864E7B93C7A29C4FBBAE5E4365"", ""Medium Repair Shelf"")","NSLOCTEXT(""[E5BFDAE8AEB602F182D337FF23D0F958]"", ""10B4D5C54F7BFF90416688949988C8B9"", ""Medium Repair Shelf"")","/Script/Engine.Texture2D'/Game/IconCreator/T_MediumRepairShelf.T_MediumRepairShelf'","(""Furnitures"")","/Script/Engine.StaticMesh'/Game/SM_MediumRepairShelf.SM_MediumRepairShelf'","","None","3000.000000","2.000000","(Rotation=(X=0.000000,Y=-0.000000,Z=0.000000,W=1.000000),Translation=(X=0.000000,Y=0.000000,Z=0.000000),Scale3D=(X=1.000000,Y=1.000000,Z=1.000000))","/Script/Engine.BlueprintGeneratedClass'/Game/ShopSim/Blueprints/Items/BP_MediumRepairShelfItem.BP_MediumRepairShelfItem_C'","(X=5.000000,Y=5.000000,Z=12.000000)","0","Small","","0.000000","0.000000","False","None","False","1"
LargeStoreShelf,"LargeStoreShelf","NSLOCTEXT(""[E5BFDAE8AEB602F182D337FF23D0F958]"", ""832CCE0349DE927AFCEEA1897AE4D08B"", ""Large Store Shelf"")","NSLOCTEXT(""[E5BFDAE8AEB602F182D337FF23D0F958]"", ""E12CE14846CEDE67516CC79FB245C10D"", ""Large Store Shelf"")","/Script/Engine.Texture2D'/Game/IconCreator/T_LargeStoreShelf.T_LargeStoreShelf'","(""Furnitures"")","/Script/Engine.StaticMesh'/Game/SM_MediumStoreShelf.SM_MediumStoreShelf'","","None","12000.000000","2.000000","(Rotation=(X=0.000000,Y=-0.000000,Z=0.000000,W=1.000000),Translation=(X=0.000000,Y=0.000000,Z=0.000000),Scale3D=(X=1.000000,Y=1.000000,Z=1.000000))","/Script/Engine.BlueprintGeneratedClass'/Game/ShopSim/Blueprints/Items/BP_LargeStoreShelfItem.BP_LargeStoreShelfItem_C'","(X=5.000000,Y=5.000000,Z=12.000000)","0","Small","","0.000000","0.000000","False","None","False","1"
LargeRepairShelf,"LargeRepairShelf","NSLOCTEXT(""[E5BFDAE8AEB602F182D337FF23D0F958]"", ""DF62CD9A455BA2B31C69B1A179827558"", ""Large Repair Shelf"")","NSLOCTEXT(""[E5BFDAE8AEB602F182D337FF23D0F958]"", ""7B13E957456523C661E11A8F7A8B9D19"", ""Large Repair Shelf"")","/Script/Engine.Texture2D'/Game/IconCreator/T_LargeRepairShelf.T_LargeRepairShelf'","(""Furnitures"")","/Script/Engine.StaticMesh'/Game/SM_MediumRepairShelf.SM_MediumRepairShelf'","","None","8000.000000","2.000000","(Rotation=(X=0.000000,Y=-0.000000,Z=0.000000,W=1.000000),Translation=(X=0.000000,Y=0.000000,Z=0.000000),Scale3D=(X=1.000000,Y=1.000000,Z=1.000000))","/Script/Engine.BlueprintGeneratedClass'/Game/ShopSim/Blueprints/Items/BP_LargeRepairShelfItem.BP_LargeRepairShelfItem_C'","(X=5.000000,Y=5.000000,Z=12.000000)","0","Small","","0.000000","0.000000","False","None","False","1"
Checkout,"Checkout","NSLOCTEXT(""[E5BFDAE8AEB602F182D337FF23D0F958]"", ""A27F1753420097CA4C57DA8A29C210DD"", ""Checkout"")","NSLOCTEXT(""[E5BFDAE8AEB602F182D337FF23D0F958]"", ""5A03E31845E02B4909A966BE1C474E22"", ""Checkout"")","/Script/Engine.Texture2D'/Game/IconCreator/T_Checkout.T_Checkout'","(""Furnitures"")","/Script/Engine.StaticMesh'/Game/ElectronicsShop/SM_ElectrofixRepairCounter.SM_ElectrofixRepairCounter'","","None","2500.000000","2.000000","(Rotation=(X=0.000000,Y=-0.000000,Z=0.000000,W=1.000000),Translation=(X=0.000000,Y=0.000000,Z=0.000000),Scale3D=(X=1.000000,Y=1.000000,Z=1.000000))","/Script/Engine.BlueprintGeneratedClass'/Game/ShopSim/Blueprints/Items/Item_Electrofix_Checkout.Item_Electrofix_Checkout_C'","(X=5.000000,Y=5.000000,Z=12.000000)","0","Small","","0.000000","0.000000","False","None","False","1"
RepairWorkshop,"RepairWorkshop","NSLOCTEXT(""[E5BFDAE8AEB602F182D337FF23D0F958]"", ""75C568DC418F6903AEEF1399EF81E4CD"", ""Repair Workshop"")","NSLOCTEXT(""[E5BFDAE8AEB602F182D337FF23D0F958]"", ""E40FB1A5438111493E7894896964EAA1"", ""Repair Workshop"")","/Script/Engine.Texture2D'/Game/IconCreator/T_Workshop.T_Workshop'","(""Furnitures"")","/Script/Engine.StaticMesh'/Game/electronic_component/models/tools/SM_table.SM_table'","","None","4000.000000","2.000000","(Rotation=(X=0.000000,Y=-0.000000,Z=0.000000,W=1.000000),Translation=(X=0.000000,Y=0.000000,Z=0.000000),Scale3D=(X=1.000000,Y=1.000000,Z=1.000000))","/Script/Engine.BlueprintGeneratedClass'/Game/ShopSim/Blueprints/Items/Item_RepairWorkshop.Item_RepairWorkshop_C'","(X=5.000000,Y=5.000000,Z=12.000000)","0","Small","","0.000000","0.000000","False","None","False","1"
RepairCounter,"RepairCounter","NSLOCTEXT(""[E5BFDAE8AEB602F182D337FF23D0F958]"", ""791E79374F4147A645C995897FAA261D"", ""Repair Counter"")","NSLOCTEXT(""[E5BFDAE8AEB602F182D337FF23D0F958]"", ""D2D411EF456EE3D72A95629EE95C7847"", ""Repair Counter"")","/Script/Engine.Texture2D'/Game/IconCreator/T_RepairCounter.T_RepairCounter'","(""Furnitures"")","/Script/Engine.StaticMesh'/Game/ElectronicsShop/SM_ElectrofixRepairCounter.SM_ElectrofixRepairCounter'","","None","15000.000000","2.000000","(Rotation=(X=0.000000,Y=-0.000000,Z=0.000000,W=1.000000),Translation=(X=0.000000,Y=0.000000,Z=0.000000),Scale3D=(X=1.000000,Y=1.000000,Z=1.000000))","/Script/Engine.BlueprintGeneratedClass'/Game/ShopSim/Blueprints/Items/Item_RepairCounter.Item_RepairCounter_C'","(X=5.000000,Y=5.000000,Z=12.000000)","0","Small","","0.000000","0.000000","False","None","False","1"
